,City,Latitude,Longitude,Temperature,Humidity,Cloudiness,Wind Speed,Country,Date Time
0,coihaique,-45.58,-72.07,78.8,39,6,4.7,CL,1578862590
1,saint anthony,45.02,-93.22,21.2,62,1,6.93,US,1578862590
2,ewa beach,21.32,-158.01,75.2,88,90,11.41,US,1578862591
3,fortuna,40.6,-124.16,50.0,93,90,6.93,US,1578862591
4,albany,42.6,-73.97,46.4,92,90,19.46,US,1578862591
5,dingle,11.0,122.67,71.85,91,78,6.46,PH,1578862591
6,nikolskoye,59.7,30.79,41.0,93,75,8.95,RU,1578862591
7,geraldton,-28.77,114.6,68.0,82,0,11.41,AU,1578862591
8,khushab,32.3,72.35,52.39,68,100,8.12,PK,1578862591
9,vila franca do campo,37.72,-25.43,57.2,67,40,5.82,PT,1578862591
10,sentyabrskiy,8.64,-72.74,86.94,57,9,5.88,CO,1578862592
11,tibu,55.74,-97.86,-2.2,84,90,5.82,CA,1578862592
12,thompson,31.61,34.76,55.4,82,75,8.05,IL,1578862441
13,gat,-9.8,-139.03,81.01,76,0,16.62,PF,1578862592
14,atuona,-54.8,-68.3,53.6,58,75,16.11,AR,1578862592
15,ushuaia,-10.41,-36.43,80.22,76,0,9.15,BR,1578862592
16,piacabucu,39.74,98.52,14.59,46,100,3.36,CN,1578862592
17,jiuquan,4.14,96.13,80.53,80,30,8.25,ID,1578862593
18,meulaboh,45.13,42.03,30.2,100,90,11.18,RU,1578862593
19,mikhaylovsk,77.48,-69.36,-10.59,45,0,1.7,GL,1578862593
20,qaanaaq,-33.65,115.33,60.01,48,69,12.73,AU,1578862593
21,busselton,-13.7,-76.22,72.0,30,20,14.99,PE,1578862593
22,pisco,64.38,-173.3,30.2,80,90,22.37,RU,1578862593
23,provideniya,3.07,172.79,83.53,77,80,14.9,KI,1578862594
24,huazolotitlan,-21.34,55.48,77.0,88,34,4.7,RE,1578862594
25,butaritari,41.87,72.94,19.17,96,100,0.56,KG,1578862594
26,saint-pierre,-38.0,-57.56,68.0,56,0,16.11,AR,1578862510
27,toktogul,-3.75,103.64,66.65,96,99,2.62,ID,1578862594
28,mar del plata,19.73,-155.09,78.8,74,90,4.7,US,1578862317
29,payo,-20.23,164.02,79.86,78,100,24.38,NC,1578862594
30,hilo,42.1,-79.24,33.01,86,90,11.41,US,1578862594
31,poum,71.92,114.08,-4.86,98,100,4.16,RU,1578862595
32,jamestown,62.46,-114.35,-38.2,65,20,4.7,CA,1578862507
33,saskylakh,37.8,-25.58,57.2,67,40,5.82,PT,1578862595
34,yellowknife,-23.12,-134.97,76.1,80,15,16.75,PF,1578862595
35,rabo de peixe,-34.53,20.04,66.99,84,20,1.99,ZA,1578862595
36,rikitea,73.51,80.55,-9.69,96,100,16.22,RU,1578862596
37,vaitupu,-33.93,18.42,73.0,88,20,12.75,ZA,1578862596
38,bredasdorp,66.94,-53.67,-2.54,47,0,12.1,GL,1578862596
39,dikson,17.89,-77.59,81.23,53,0,9.6,JM,1578862596
40,cape town,-42.88,147.33,68.0,55,20,13.87,AU,1578862492
41,sisimiut,-21.21,-159.78,82.4,74,45,16.11,CK,1578862596
42,bull savanna,41.26,125.37,-2.94,97,33,1.5,CN,1578862596
43,hobart,-40.96,175.66,62.01,85,100,7.0,NZ,1578862596
44,avarua,64.89,-23.71,26.91,73,100,40.24,IS,1578862596
45,huanren,-21.2,-175.2,82.4,83,75,10.29,TO,1578862597
46,masterton,28.32,109.72,36.9,92,12,2.53,CN,1578862597
47,olafsvik,-42.78,147.06,68.0,55,20,13.87,AU,1578862597
48,ust-kamchatsk,-22.97,-42.03,84.2,79,75,14.99,BR,1578862334
49,vaini,17.87,76.95,62.62,26,0,5.26,IN,1578862597
50,jishou,5.28,115.24,77.0,94,75,1.12,MY,1578862598
51,new norfolk,41.3,-96.17,25.0,85,90,4.7,US,1578862598
52,belushya guba,7.53,-12.51,79.48,85,0,7.14,SL,1578862598
53,arraial do cabo,-4.58,-81.27,62.6,100,0,11.41,PE,1578862598
54,basavakalyan,-16.48,-151.75,81.27,80,100,19.53,PF,1578862598
55,mys shmidta,-24.79,-50.01,71.4,95,100,7.61,BR,1578862598
56,labuan,54.02,-124.02,-5.75,76,86,10.2,CA,1578862599
57,douglas,32.67,-17.1,62.6,67,40,6.93,PT,1578862599
58,bonthe,10.44,45.01,77.22,74,9,5.23,SO,1578862599
59,talara,-24.87,113.63,77.0,69,51,17.22,AU,1578862599
60,faanui,41.37,-73.41,68.0,36,1,14.99,US,1578862470
61,castro,-20.41,57.7,80.6,78,75,5.82,MU,1578862504
62,vanderhoof,38.42,-121.42,55.4,71,1,8.05,US,1578862599
63,ponta do sol,33.73,135.98,47.61,68,0,23.58,JP,1578862600
64,berbera,49.75,-77.63,-2.2,77,75,8.05,CA,1578862600
65,carnarvon,-33.02,27.91,75.2,86,3,7.96,ZA,1578862600
66,bethel,49.78,-74.85,-2.2,70,90,12.75,CA,1578862600
67,grand river south east,-5.36,104.97,71.67,96,100,0.45,ID,1578862600
68,mahebourg,-21.15,149.2,78.8,83,40,6.93,AU,1578862600
69,laguna,78.22,15.64,-2.2,53,20,9.17,SJ,1578862600
70,nizhneyansk,69.38,178.42,-4.67,98,93,7.94,RU,1578862601
71,shingu,48.23,129.5,-5.04,99,100,3.49,CN,1578862601
72,matagami,5.52,5.75,80.38,78,0,4.56,NG,1578862581
73,east london,-53.15,-70.92,60.8,63,75,18.34,CL,1578862321
74,chapais,-34.58,150.86,66.99,100,79,6.17,AU,1578862601
75,pringsewu,16.45,-85.85,80.69,77,0,25.46,HN,1578862601
76,mackay,63.28,118.33,-6.72,95,36,7.61,RU,1578862602
77,longyearbyen,69.49,88.4,-11.2,83,40,13.42,RU,1578862602
78,leningradskiy,-1.2,-46.02,81.97,78,100,12.24,BR,1578862602
79,xinqing,51.06,-0.33,46.4,93,20,5.82,GB,1578862336
80,warri,49.98,92.07,-14.08,95,100,1.99,MN,1578862602
81,punta arenas,69.22,-51.1,-2.2,36,100,2.24,GL,1578862602
82,taolanaro,-30.18,-50.21,77.13,68,0,8.08,BR,1578862554
83,flinders,-8.38,-74.55,95.14,34,23,7.47,PE,1578862497
84,savannah bight,41.14,-73.36,68.0,32,1,20.8,US,1578862463
85,nyurba,-46.19,168.86,52.0,78,78,7.0,NZ,1578862603
86,talnakh,69.45,-133.04,-18.4,75,5,6.93,CA,1578862603
87,carutapera,-0.74,-90.35,86.0,55,20,19.46,EC,1578862603
88,horsham,-34.73,135.87,68.25,67,0,6.64,AU,1578862603
89,ulaangom,70.37,31.11,30.2,80,75,18.34,NO,1578862603
90,ilulissat,22.08,-159.32,75.2,83,75,13.87,US,1578862604
91,barentsburg,-38.38,142.48,55.99,93,0,10.27,AU,1578862604
92,cidreira,-33.59,26.89,70.0,93,39,6.85,ZA,1578862604
93,pucallpa,42.33,13.95,46.0,81,40,4.7,IT,1578862604
94,westport,57.47,31.12,39.04,91,100,11.14,RU,1578862604
95,mataura,67.63,134.63,-35.16,88,0,3.58,RU,1578862604
96,tuktoyaktuk,28.23,83.98,47.71,86,0,1.99,NP,1578862604
97,puerto ayora,-13.54,23.1,67.32,78,82,3.11,ZM,1578862604
98,port lincoln,50.63,87.96,1.18,79,100,5.57,RU,1578862605
99,vardo,21.46,-71.14,78.78,75,2,29.53,TC,1578862605
100,kapaa,50.1,-91.92,8.6,65,75,6.93,CA,1578862489
101,warrnambool,-37.62,-73.65,67.96,59,0,9.13,CL,1578862605
102,port alfred,62.88,152.43,-21.71,99,100,1.66,RU,1578862605
103,pescara,-34.42,19.23,73.0,84,0,1.99,ZA,1578862444
104,poddorye,69.3,139.9,-27.8,88,0,3.91,RU,1578862606
105,batagay,-15.2,12.15,73.53,78,100,6.82,AO,1578862606
106,pokhara,30.3,109.48,32.13,93,0,1.59,CN,1578862606
107,zambezi,-17.53,-149.33,84.2,70,75,9.17,PF,1578862606
108,attawapiskat,3.78,98.68,74.3,90,35,3.27,ID,1578862606
109,ulagan,-33.92,25.57,71.6,88,75,2.24,ZA,1578862606
110,cockburn town,44.08,-80.2,25.0,79,75,12.75,CA,1578862319
111,sioux lookout,46.43,26.4,32.0,82,0,9.17,RO,1578862607
112,lebu,-38.27,141.97,58.59,82,0,16.58,AU,1578862607
113,amderma,30.15,62.6,38.75,65,0,15.52,AF,1578862607
114,seymchan,67.68,53.15,22.73,95,100,9.86,RU,1578862607
115,hermanus,71.04,27.85,28.4,86,90,13.87,NO,1578862607
116,illoqqortoormiut,51.59,43.19,24.01,96,22,5.01,RU,1578862607
117,deputatskiy,-19.06,-169.92,78.8,88,75,6.93,NU,1578862608
118,namibe,-10.45,161.92,77.36,90,100,6.26,SB,1578862608
119,enshi,-33.7,-53.46,73.29,53,0,14.94,UY,1578862608
120,tiarei,-35.72,150.18,60.01,83,9,3.0,AU,1578862608
121,belawan,20.51,-86.95,86.0,66,40,10.29,MX,1578862608
122,port elizabeth,71.29,-156.79,-9.4,69,1,10.29,US,1578862608
123,shelburne,24.09,32.91,59.0,38,0,16.11,EG,1578862445
124,asau,54.23,-125.75,-5.78,78,17,3.24,CA,1578862608
125,codrington,-28.24,-48.67,80.6,83,40,16.11,BR,1578862609
126,rudbar,68.75,161.3,-6.99,98,100,6.58,RU,1578862609
127,iskateley,51.98,42.26,17.13,93,52,10.74,RU,1578862609
128,mehamn,-11.1,-77.61,74.93,62,25,9.26,PE,1578862609
129,repnoye,29.03,69.15,46.58,90,100,2.68,PK,1578862609
130,alofi,-22.67,167.48,77.83,79,66,20.78,NC,1578862610
131,kirakira,64.5,-165.41,15.8,85,90,19.46,US,1578862610
132,chuy,-46.6,168.33,52.0,78,67,7.0,NZ,1578862610
133,batemans bay,19.22,-104.7,87.8,70,40,11.41,MX,1578862610
134,cozumel,-3.77,-61.64,82.17,91,40,1.72,BR,1578862610
135,barrow,-20.34,57.76,80.6,78,75,5.82,MU,1578862504
136,aswan,65.61,-37.64,24.8,62,100,17.22,GL,1578862610
137,burns lake,43.8,24.08,35.01,92,0,4.7,RO,1578862611
138,imbituba,-0.22,20.87,73.74,71,0,1.79,CD,1578862611
139,cherskiy,-17.71,-39.25,79.88,84,0,17.2,BR,1578862611
140,uvarovo,-0.6,73.08,82.6,73,100,8.61,MV,1578862611
141,hualmay,-46.28,169.85,57.99,52,34,17.0,NZ,1578862611
142,dera bugti,46.39,41.87,32.59,89,74,8.88,RU,1578862611
143,vao,7.04,134.26,78.8,88,75,6.93,PW,1578862611
144,nome,48.38,-4.62,46.4,81,100,8.05,FR,1578862612
145,bluff,-21.36,55.77,77.0,88,100,4.7,RE,1578862612
146,san patricio,38.73,-27.07,53.6,76,20,18.16,PT,1578862612
147,anori,-29.68,-53.81,87.8,52,4,12.75,BR,1578862612
148,sahrak,3.46,8.55,78.8,94,20,4.7,GQ,1578862612
149,bambous virieux,25.52,90.22,56.61,78,0,4.05,IN,1578862612
150,tasiilaq,-16.69,-44.37,95.0,17,0,5.82,BR,1578862613
151,dabuleni,49.92,-109.48,-3.8,79,100,11.14,CA,1578862613
152,boende,53.67,15.12,43.0,80,90,12.75,PL,1578862613
153,caravelas,6.58,3.75,80.6,88,0,8.05,NG,1578862336
154,hithadhoo,13.6,26.69,59.72,24,0,11.79,SD,1578862613
155,kaitangata,-45.87,170.5,55.99,66,0,10.0,NZ,1578862373
156,pokanayevka,42.43,130.64,8.2,80,0,8.79,RU,1578862613
157,novyy yegorlyk,21.49,86.93,58.6,41,0,5.66,IN,1578862613
158,kloulklubed,62.0,132.43,-31.65,99,7,2.8,RU,1578862614
159,plouzane,69.8,20.93,30.2,74,20,12.75,NO,1578862614
160,saint-philippe,42.16,-72.33,64.4,41,20,21.92,US,1578862614
161,praia da vitoria,40.43,71.72,35.6,80,75,2.24,UZ,1578862614
162,santa maria,71.97,102.5,-0.89,89,100,14.74,RU,1578862614
163,luba,65.75,150.85,-17.19,98,100,2.64,RU,1578862614
164,tura,-28.27,-49.17,69.01,91,14,15.99,BR,1578862614
165,coracao de jesus,1.57,9.61,80.6,100,40,3.36,GQ,1578862614
166,maple creek,-5.2,-35.46,82.4,69,13,13.87,BR,1578862615
167,nowogard,5.41,100.34,80.6,88,20,2.24,MY,1578862528
168,lagos,71.69,128.87,-8.82,85,100,10.65,RU,1578862615
169,umm kaddadah,65.28,-126.83,-18.4,75,20,2.26,CA,1578862615
170,dunedin,35.73,140.83,37.0,100,75,1.12,JP,1578862615
171,khasan,21.43,39.83,61.21,24,0,0.83,SA,1578862562
172,baleshwar,-7.02,-45.48,81.54,73,17,3.36,BR,1578862616
173,churapcha,-8.76,31.11,61.0,95,100,0.89,ZM,1578862616
174,sorkjosen,67.45,153.68,-12.15,98,100,6.58,RU,1578862616
175,palmer,41.47,-91.13,28.4,79,90,9.17,US,1578862616
176,komsomolskiy,48.1,136.1,0.34,89,100,5.32,RU,1578862616
177,khatanga,38.52,-28.7,59.0,62,40,16.11,PT,1578862616
178,zyryanka,58.81,-122.7,-14.8,75,75,3.36,CA,1578862617
179,braco do norte,-10.95,-75.23,73.56,85,44,2.8,PE,1578862617
180,mbini,-5.56,-80.82,70.29,88,13,17.65,PE,1578862617
181,touros,40.66,-73.58,68.0,34,1,21.92,US,1578862579
182,georgetown,43.82,144.1,23.07,96,100,0.47,JP,1578862617
183,skalistyy,48.88,-72.45,8.01,84,90,11.41,CA,1578862551
184,tiksi,10.94,-14.3,72.25,50,0,3.76,GN,1578862618
185,norman wells,70.47,-68.59,-14.8,75,75,17.22,CA,1578862618
186,hasaki,33.08,-16.33,62.6,67,20,8.05,PT,1578862618
187,mecca,70.98,25.97,28.4,86,90,13.87,NO,1578862618
188,sao raimundo das mangabeiras,60.5,22.17,37.99,86,75,10.29,FI,1578862618
189,mpulungu,-3.8,102.27,73.47,84,90,3.38,ID,1578862618
190,srednekolymsk,15.85,-97.07,84.2,79,5,6.93,MX,1578862391
191,muscatine,50.68,156.12,25.48,97,100,13.27,RU,1578862619
192,mukhen,29.19,72.85,61.93,25,63,9.42,PK,1578862619
193,ribeira grande,65.85,44.24,25.34,86,96,14.34,RU,1578862619
194,fort nelson,-41.87,-73.82,73.4,56,64,8.05,CL,1578862619
195,perene,72.79,-56.15,-9.45,63,34,5.99,GL,1578862619
196,bolungarvik,6.12,81.12,78.44,73,0,22.35,LK,1578862619
197,sechura,66.15,-65.71,-22.0,67,40,1.41,CA,1578862620
198,freeport,17.08,122.42,73.38,86,82,3.65,PH,1578862620
199,bihoro,60.87,60.42,17.44,86,100,11.41,RU,1578862620
200,albanel,-21.64,-41.05,86.0,70,40,13.87,BR,1578862620
201,yeletskiy,6.8,81.48,68.63,92,0,4.74,LK,1578862621
202,boke,-23.13,150.73,77.0,78,100,6.93,AU,1578862621
203,clyde river,20.7,-105.2,80.6,57,40,5.82,MX,1578862621
204,camacha,-0.36,42.55,82.38,80,17,13.0,SO,1578862621
205,honningsvag,18.44,1.41,60.66,17,0,16.84,ML,1578862621
206,raisio,0.53,72.93,81.73,78,100,9.57,MV,1578862621
207,bengkulu,11.97,-85.17,86.0,58,40,9.17,NI,1578862622
208,puerto escondido,9.28,79.3,78.76,73,0,14.18,IN,1578862622
209,maloshuyka,-5.79,-35.21,82.4,69,75,13.87,BR,1578862622
210,severo-kurilsk,50.7,-127.42,30.2,54,40,14.99,CA,1578862622
211,fort abbas,15.74,-96.47,91.4,46,5,9.48,MX,1578862622
212,mezen,-13.68,48.45,77.52,87,34,6.06,MG,1578862622
213,ancud,36.62,-121.92,55.99,66,1,11.05,US,1578862450
214,upernavik,-10.62,150.67,75.74,89,99,3.27,PG,1578862623
215,hambantota,6.13,102.24,77.0,88,20,2.24,MY,1578862623
216,jiddah,-2.67,141.3,80.94,84,100,15.46,PG,1578862623
217,pangnirtung,57.16,10.15,42.01,97,67,1.99,DK,1578862623
218,senmonorom,32.77,22.64,59.36,65,0,6.13,LY,1578862623
219,dicabisagan,66.04,-17.34,23.0,73,40,17.22,IS,1578862624
220,polunochnoye,15.11,104.33,71.01,83,20,6.93,TH,1578862624
221,sao joao da barra,37.46,-122.43,55.99,71,90,9.17,US,1578862624
222,wattegama,51.18,-115.57,-11.0,69,100,7.0,CA,1578862335
223,yeppoon,69.7,170.31,-2.18,96,100,5.77,RU,1578862624
224,ixtapa,63.83,20.26,32.0,86,0,5.82,SE,1578862624
225,tsihombe,51.75,11.47,43.0,80,20,19.46,DE,1578862625
226,kismayo,-33.87,121.9,64.4,72,90,12.75,AU,1578862625
227,kidal,29.85,80.53,36.23,45,48,10.04,IN,1578862625
228,thinadhoo,-7.36,-35.44,86.0,45,75,16.11,BR,1578862625
229,acoyapa,37.47,-4.44,44.01,86,0,3.09,ES,1578862625
230,artyk,33.19,-82.53,66.2,86,90,3.36,US,1578862625
231,rameswaram,32.33,50.86,17.6,85,100,2.24,IR,1578862625
232,natal,-13.2,49.05,75.07,90,100,8.08,MG,1578862446
233,port hardy,59.78,5.5,42.8,71,20,16.11,NO,1578862626
234,pochutla,12.03,39.03,57.47,46,0,2.73,ET,1578862626
235,ambanja,-14.87,-39.59,86.0,70,20,6.93,BR,1578862626
236,pacific grove,-2.92,-39.92,79.34,75,78,7.47,BR,1578862626
237,samarai,62.23,-6.59,37.4,86,99,20.8,FO,1578862626
238,kota bahru,47.67,-52.73,21.0,85,90,8.05,CA,1578862626
239,vanimo,4.93,-52.33,80.6,78,75,13.87,GF,1578862627
240,hjallerup,-22.12,14.28,66.0,85,38,3.0,NA,1578862627
241,darnah,57.79,-152.41,35.6,93,90,8.05,US,1578862627
242,husavik,53.94,139.92,-7.51,89,0,5.32,RU,1578862627
243,si sa ket,18.22,-63.06,82.4,78,20,14.99,AI,1578862627
244,half moon bay,43.27,-7.54,54.0,81,75,6.93,ES,1578862627
245,banff,22.89,-109.91,77.0,64,90,3.36,MX,1578862577
246,pevek,49.62,127.98,-1.48,90,48,6.58,RU,1578862628
247,umea,41.17,-74.05,66.2,34,1,21.92,US,1578862628
248,aschersleben,46.52,-84.33,12.2,51,40,9.17,CA,1578862562
249,esperance,9.82,80.23,78.22,74,0,14.76,LK,1578862628
250,dharchula,-8.93,125.41,67.24,80,100,4.45,TL,1578862628
251,salgado de sao felix,-0.13,-67.09,80.87,89,33,2.57,BR,1578862628
252,cabra,27.98,-114.06,64.04,58,100,9.69,MX,1578862629
253,avera,-25.4,-70.48,68.59,65,0,9.01,CL,1578862629
254,shahr-e kord,-2.88,108.27,81.37,80,100,14.56,ID,1578862629
255,ambilobe,42.25,-75.83,43.0,70,75,8.05,US,1578862629
256,leirvik,-28.87,153.57,69.8,83,90,9.17,AU,1578862630
257,lalibela,-35.33,-72.42,65.12,70,54,11.36,CL,1578862630
258,ibicarai,5.35,48.53,78.03,76,4,19.13,SO,1578862630
259,itarema,35.02,-110.7,53.01,39,1,6.93,US,1578862341
260,klaksvik,43.3,77.24,23.0,85,75,4.47,KZ,1578862630
261,torbay,2.67,72.89,81.27,79,45,14.99,MV,1578862630
262,cayenne,53.92,102.04,-8.66,99,40,3.78,RU,1578862630
263,henties bay,28.45,117.97,39.47,88,54,3.51,CN,1578862631
264,kodiak,-14.55,-49.97,81.55,82,24,4.29,BR,1578862384
265,mnogovershinnyy,64.57,143.2,-40.18,99,99,2.35,RU,1578862631
266,the valley,66.83,70.83,-5.96,93,0,16.15,RU,1578862631
267,bereda,70.63,147.92,-24.02,95,100,2.06,RU,1578862631
268,cabo san lucas,39.18,-84.53,42.8,82,90,3.36,US,1578862631
269,konstantinovka,-20.33,-40.29,84.2,74,20,14.99,BR,1578862500
270,rockland,43.75,-81.72,32.0,86,100,5.35,CA,1578862631
271,sault sainte marie,39.01,-77.43,69.8,48,1,10.29,US,1578862632
272,rungata,11.69,-84.46,81.36,71,41,15.86,NI,1578862632
273,point pedro,14.9,-24.5,69.64,72,66,17.11,CV,1578862632
274,airai,7.77,-72.22,87.8,52,40,13.87,VE,1578862576
275,tuggurt,37.1,-113.58,48.99,36,1,3.36,US,1578862566
276,sao gabriel da cachoeira,28.12,-16.73,64.4,63,20,12.75,ES,1578862632
277,guerrero negro,43.96,133.05,-3.98,92,0,1.74,RU,1578862633
278,taltal,20.5,86.42,57.2,93,0,3.91,IN,1578862633
279,manggar,11.28,-15.83,79.11,57,0,15.03,GW,1578862633
280,ksenyevka,13.22,-59.52,82.4,65,75,27.51,BB,1578862633
281,broome,-3.67,152.43,82.36,78,100,6.58,PG,1578862633
282,ballina,68.22,-135.01,-7.6,67,5,5.82,CA,1578862633
283,constitucion,35.54,-100.96,55.4,24,1,6.93,US,1578862633
284,hobyo,43.56,43.43,33.8,80,90,6.71,RU,1578862634
285,winslow,-0.95,100.35,67.41,91,99,3.91,ID,1578862634
286,talgar,-28.57,-70.76,73.26,50,0,11.16,CL,1578862467
287,kudahuvadhoo,-20.52,57.52,80.6,78,75,5.82,MU,1578862634
288,zima,63.05,179.32,24.48,84,100,8.14,RU,1578862634
289,gulshat,21.35,-158.09,75.2,88,90,11.41,US,1578862367
290,shangrao,64.84,-147.72,-32.8,69,40,2.95,US,1578862634
291,crixas,53.9,27.57,35.6,86,75,11.18,BY,1578862456
292,ust-nera,-41.45,147.17,62.01,71,0,4.7,AU,1578862635
293,yar-sale,-12.07,134.27,83.28,74,71,6.46,AU,1578862635
294,chokurdakh,22.29,114.16,64.4,59,40,6.93,HK,1578862560
295,hamilton,54.99,-1.74,39.99,86,20,5.82,GB,1578862635
296,vila velha,68.05,166.44,-15.0,98,100,3.87,RU,1578862635
297,goderich,-2.57,150.8,83.48,78,100,12.8,PG,1578862635
298,sterling,-46.13,167.68,52.0,78,98,7.0,NZ,1578862636
299,palabuhanratu,12.16,-61.73,84.2,66,40,20.8,GD,1578862636
300,nueva guinea,7.5,134.62,78.8,88,75,6.93,PW,1578862636
301,sao filipe,54.15,-115.69,-16.6,62,75,10.29,CA,1578862636
302,san cristobal,60.72,-135.05,-29.0,65,5,2.77,CA,1578862636
303,saint george,-9.66,120.26,82.24,79,100,19.55,ID,1578862636
304,adeje,-9.01,-35.22,81.32,77,22,11.74,BR,1578862385
305,anuchino,-43.3,-65.1,67.37,60,0,12.26,AR,1578862637
306,kendrapara,60.82,-115.8,-38.2,65,40,6.93,CA,1578862637
307,bubaque,30.58,-111.1,71.01,17,95,1.99,MX,1578862637
308,bathsheba,-34.48,-54.33,70.79,49,0,13.89,UY,1578862586
309,namatanai,32.87,59.22,28.4,79,75,4.7,IR,1578862637
310,aklavik,-5.35,21.42,70.86,82,12,1.61,CD,1578862637
311,pampa,60.4,-1.35,41.0,80,100,23.04,GB,1578862637
312,lechinkay,40.91,69.8,30.2,92,90,6.93,UZ,1578862638
313,padang,63.84,-22.43,28.4,92,90,41.38,IS,1578862638
314,vallenar,5.66,-67.62,91.4,46,40,11.41,VE,1578862638
315,souillac,-25.3,152.85,75.0,94,40,8.05,AU,1578862638
316,gilazi,19.33,-96.67,75.99,60,90,9.17,MX,1578862638
317,beringovskiy,70.02,135.6,-34.55,98,1,9.55,RU,1578862638
318,makakilo city,-2.17,-79.9,91.4,52,40,3.36,EC,1578862639
319,fairbanks,-2.02,147.27,83.95,79,100,16.82,PG,1578862639
320,othonoi,33.89,35.49,57.2,82,75,6.93,LB,1578862480
321,minsk,-7.96,38.97,75.38,92,100,1.28,TZ,1578862639
322,launceston,-0.18,-50.05,78.85,87,3,6.82,BR,1578862639
323,maningrida,59.57,7.99,28.99,89,28,1.01,NO,1578862639
324,victoria,51.65,84.32,12.99,83,100,3.2,RU,1578862639
325,newburn,12.48,-13.3,80.91,15,0,6.08,GN,1578862639
326,bilibino,37.57,68.45,33.8,93,90,11.18,TJ,1578862640
327,kavieng,57.84,108.35,-11.87,98,15,1.72,RU,1578862640
328,tuatapere,-26.65,15.16,65.8,84,0,27.69,NA,1578862640
329,gouyave,-5.47,-35.37,82.4,69,83,13.87,BR,1578862640
330,palau,36.21,57.68,30.16,63,0,4.25,IR,1578862640
331,whitecourt,55.75,38.0,34.0,97,90,8.95,RU,1578862640
332,saleaula,40.09,113.29,4.89,81,86,1.81,CN,1578862640
333,whitehorse,13.3,19.7,68.45,14,3,5.53,TD,1578862640
334,waingapu,46.48,30.73,30.2,86,0,4.97,UA,1578862641
335,maragogi,27.69,111.43,37.4,91,0,1.01,CN,1578862641
336,rawson,-46.23,169.75,57.99,52,1,17.0,NZ,1578862641
337,hay river,-17.88,36.89,82.4,88,20,3.89,MZ,1578862641
338,sofiysk,26.22,50.58,62.6,48,3,14.99,BH,1578862641
339,caborca,11.76,9.34,74.79,27,100,5.84,NG,1578862641
340,rocha,-38.55,-58.74,66.0,70,0,4.0,AR,1578862642
341,birjand,-8.77,160.7,84.07,79,100,22.55,SB,1578862642
342,luebo,-28.27,29.13,56.32,93,88,5.39,ZA,1578862642
343,brae,-29.95,-71.34,66.2,68,40,13.87,CL,1578862642
344,nurobod,-35.57,138.62,75.99,63,0,4.7,AU,1578862642
345,grindavik,70.86,29.09,26.6,86,90,13.87,NO,1578862642
346,puerto ayacucho,31.35,27.25,50.0,81,0,2.84,EG,1578862642
347,hervey bay,-28.55,16.43,63.3,95,8,9.35,NA,1578862505
348,veracruz,31.5,34.47,55.4,82,75,8.05,PS,1578862643
349,wulanhaote,36.89,4.12,53.58,79,0,7.87,DZ,1578862643
350,ust-kuyga,45.52,-122.68,46.0,81,90,13.87,US,1578862450
351,guayaquil,35.13,140.3,44.6,75,75,3.36,JP,1578862643
352,lorengau,49.49,105.92,-9.67,89,0,5.48,MN,1578862643
353,beirut,-0.91,122.88,80.83,76,100,3.15,ID,1578862643
354,ikwiriri,44.17,-94.03,24.01,79,90,10.29,US,1578862643
355,tucuma,69.47,25.51,26.6,92,75,16.11,NO,1578862644
356,amot,65.58,-171.0,15.89,94,100,10.31,RU,1578862644
357,soloneshnoye,0.6,-80.03,84.2,83,75,11.41,EC,1578862644
358,koundara,21.12,70.12,72.63,81,0,11.88,IN,1578862644
359,garavuti,11.5,125.5,75.87,88,79,7.11,PH,1578862644
360,alekseyevsk,34.64,-120.46,63.0,62,1,3.36,US,1578862644
361,luderitz,-27.65,25.61,77.04,37,5,9.28,ZA,1578862644
362,sao miguel,10.62,104.18,78.8,78,40,6.93,KH,1578862644
363,sabzevar,63.44,-20.27,37.78,76,100,27.92,IS,1578862644
364,zheleznodorozhnyy,-35.1,173.78,75.99,83,75,1.01,NZ,1578862645
365,datong,61.67,96.37,-4.29,95,100,2.75,RU,1578862645
366,oum hadjer,62.53,155.8,-34.51,96,40,2.73,RU,1578862645
367,odessa,55.0,74.1,10.4,85,75,6.71,RU,1578862645
368,tubruq,28.4,-97.75,73.0,61,100,8.99,US,1578862560
369,lengshuijiang,59.64,-151.55,28.4,86,90,4.7,US,1578862645
370,balclutha,56.45,138.17,-4.23,75,98,7.81,RU,1578862645
371,quelimane,25.29,51.53,60.8,48,0,9.17,QA,1578862633
372,manama,11.24,-74.2,71.4,66,10,4.16,CO,1578862646
373,dinsor,17.41,104.78,58.89,95,1,3.76,TH,1578862646
374,dutse,-7.95,110.28,72.81,93,100,4.09,ID,1578862646
375,necochea,46.7,-75.45,9.09,90,90,5.93,CA,1578862646
376,auki,47.93,-97.03,17.6,67,40,11.41,US,1578862646
377,harrismith,-35.17,173.17,75.99,83,93,1.01,NZ,1578862646
378,coquimbo,-2.65,10.0,78.73,80,89,2.73,GA,1578862646
379,victor harbor,2.04,45.34,81.82,81,0,21.03,SO,1578862647
380,berlevag,30.23,-92.07,63.0,59,1,5.64,US,1578862647
381,marsa matruh,-40.92,-73.17,77.0,57,100,8.05,CL,1578862647
382,oranjemund,8.53,28.1,62.92,14,0,4.14,SS,1578862647
383,gasa,49.2,-113.3,-4.0,70,90,9.17,CA,1578862532
384,tigzirt,-17.8,-63.17,89.6,62,75,14.99,BO,1578862647
385,portland,-16.96,-51.81,80.55,83,65,3.42,BR,1578862647
386,katsuura,38.3,-77.46,70.0,43,1,4.81,US,1578862516
387,darhan,-20.73,139.5,80.6,61,62,4.7,AU,1578862648
388,biak,29.27,82.18,28.76,63,0,5.68,NP,1578862648
389,north mankato,64.75,177.48,23.0,92,40,6.71,RU,1578862648
390,karasjok,27.27,31.15,51.8,66,100,6.93,EG,1578862648
391,lavrentiya,-34.0,24.73,65.88,96,28,0.87,ZA,1578862648
392,muisne,-31.43,152.92,71.01,77,90,6.93,AU,1578862648
393,mangrol,43.93,141.64,26.98,74,100,10.83,JP,1578862648
394,maydolong,35.86,14.38,54.0,81,20,9.17,MT,1578862649
395,lompoc,-28.78,32.04,80.11,80,100,3.4,ZA,1578862649
396,bloemhof,-36.62,-71.83,91.4,19,0,2.24,CL,1578862649
397,kampot,61.38,152.75,-31.14,100,80,2.21,RU,1578862649
398,vestmannaeyjar,1.49,124.85,75.2,100,20,1.12,ID,1578862649
399,kaeo,7.06,-4.5,88.57,35,100,4.29,CI,1578862650
400,baykit,51.67,75.37,3.29,82,37,8.84,KZ,1578862650
401,omsukchan,9.49,50.81,78.33,78,84,24.18,SO,1578862650
402,kormilovka,47.54,134.75,0.03,94,100,3.69,RU,1578862650
403,beeville,60.76,46.31,34.83,99,100,11.5,RU,1578862650
404,homer,42.27,118.96,7.95,42,0,8.05,CN,1578862650
405,ayan,36.68,-121.66,55.99,66,1,10.49,US,1578862552
406,doha,15.88,-61.31,80.6,73,20,19.46,GP,1578862650
407,santa marta,-41.07,145.92,61.0,82,21,3.0,AU,1578862651
408,nakhon phanom,42.06,59.38,30.2,79,90,2.24,TM,1578862651
409,bambanglipuro,36.37,6.61,39.2,93,40,4.7,DZ,1578862590
410,ferme-neuve,19.25,-103.38,84.2,45,40,11.41,MX,1578862651
411,grand forks,6.25,-57.52,77.99,82,21,4.63,GY,1578862651
412,ahipara,-5.32,119.37,75.2,100,40,3.36,ID,1578862651
413,gamba,-23.53,148.17,77.0,78,98,10.29,AU,1578862651
414,mogadishu,40.28,97.2,14.0,65,94,14.38,CN,1578862651
415,lafayette,-23.65,-70.4,69.8,68,75,17.22,CL,1578862652
416,babanusah,64.86,-147.8,-0.4,80,40,4.05,US,1578862652
417,purranque,60.47,26.92,35.6,100,90,5.82,FI,1578862652
418,gogrial,40.97,117.94,6.58,61,0,4.92,CN,1578862652
419,cardston,10.58,-61.12,82.4,69,40,16.11,TT,1578862652
420,santa cruz,66.0,111.5,1.4,91,57,11.18,RU,1578862652
421,caiaponia,65.68,-18.09,23.0,73,40,17.22,IS,1578862652
422,fredericksburg,39.55,-107.32,27.0,67,1,5.08,US,1578862653
423,mount isa,-9.67,-35.74,84.2,66,40,13.87,BR,1578862612
424,jumla,17.02,54.09,68.0,24,9,13.87,OM,1578862653
425,anadyr,4.25,117.89,77.0,88,75,2.24,MY,1578862653
426,abnub,20.52,-13.05,59.67,19,0,8.77,MR,1578862653
427,kruisfontein,41.85,3.13,46.99,86,66,1.12,ES,1578862653
428,port macquarie,32.62,14.0,50.72,74,100,2.48,LY,1578862653
429,rumoi,64.56,39.83,33.8,95,90,15.66,RU,1578862654
430,dingli,-5.26,-44.65,78.26,90,73,2.06,BR,1578862654
431,richards bay,53.52,-2.49,42.8,86,20,5.82,GB,1578862654
432,coihueco,22.57,59.53,64.22,49,0,10.07,OM,1578862654
433,paucartambo,43.32,145.57,29.28,81,100,6.64,JP,1578862654
434,talaya,34.88,-76.9,75.99,100,90,6.93,US,1578862654
435,manado,-5.55,150.14,75.65,94,100,2.44,PG,1578862654
436,bocanda,36.17,107.71,22.08,69,33,7.72,CN,1578862655
437,ekibastuz,60.75,-137.51,-18.29,90,0,3.74,CA,1578862655
438,bandarbeyla,27.92,96.17,52.36,60,0,3.06,IN,1578862655
439,vyazemskiy,-20.67,-40.5,84.2,74,20,14.99,BR,1578862655
440,velikiy ustyug,-2.89,-40.12,79.34,75,78,7.47,BR,1578862655
441,chifeng,61.67,27.25,33.8,90,90,6.93,FI,1578862655
442,salinas,55.1,-105.28,1.4,77,90,4.7,CA,1578862655
443,grand-bourg,-10.13,-36.18,80.38,78,0,11.72,BR,1578862617
444,burnie,-13.85,136.42,77.0,100,92,3.36,AU,1578862656
445,akdepe,41.4,119.64,4.53,68,0,3.71,CN,1578862656
446,constantine,38.61,-122.87,55.99,71,20,5.82,US,1578862656
447,pihuamo,5.88,-10.05,80.6,94,20,3.76,LR,1578862656
448,new amsterdam,60.0,-1.25,41.0,80,100,35.57,GB,1578862656
449,galesong,67.67,12.69,33.8,80,20,4.7,NO,1578862656
450,emerald,43.59,-83.89,26.01,79,90,3.36,US,1578862657
451,yumen,45.87,25.78,27.0,90,45,1.45,RO,1578862657
452,antofagasta,11.3,-10.72,76.71,24,2,4.52,GN,1578862657
453,college,30.41,-86.62,75.99,69,90,4.99,US,1578862364
454,kotka,61.99,5.14,42.8,81,40,20.8,NO,1578862657
455,chengde,55.13,-1.51,39.99,86,20,5.82,GB,1578862657
456,samalaeulu,-7.26,-34.91,82.4,65,75,13.87,BR,1578862460
457,sangre grande,16.64,1.64,71.62,8,100,15.57,ML,1578862657
458,aykhal,35.47,-6.03,48.2,76,0,2.24,MA,1578862657
459,akureyri,46.68,113.28,-8.03,82,0,7.63,MN,1578862658
460,glenwood springs,13.35,-15.75,80.73,14,34,7.67,GM,1578862658
461,maceio,34.45,40.92,52.74,69,98,7.23,SY,1578862658
462,salalah,55.1,55.35,23.0,92,90,11.18,RU,1578862658
463,tawau,-0.72,8.78,80.6,88,20,3.36,GA,1578862658
464,atar,60.92,-46.05,3.2,38,0,8.05,GL,1578862659
465,palamos,24.7,-77.77,80.6,65,40,17.22,BS,1578862659
466,masallatah,42.78,-9.06,53.01,93,75,5.82,ES,1578862659
467,severodvinsk,35.58,-95.33,50.0,39,1,12.75,US,1578862659
468,tuntum,36.21,-115.98,54.0,28,1,3.22,US,1578862659
469,atherton,45.41,-75.7,19.0,72,75,9.17,CA,1578862555
470,sur,51.23,-58.65,9.99,72,100,22.08,CA,1578862659
471,nemuro,-27.27,28.48,61.74,76,66,15.52,ZA,1578862660
472,tabiauea,31.65,-106.3,61.0,15,1,12.75,US,1578862660
473,havelock,47.36,7.34,39.0,93,75,6.93,CH,1578862660
474,kimbe,-2.48,29.56,56.95,93,93,1.63,RW,1578862660
475,sapu,66.77,123.37,-14.13,96,100,17.16,RU,1578862660
476,haines junction,-12.12,-73.0,87.33,55,69,3.42,PE,1578862660
477,tezu,-16.7,-151.02,80.49,80,100,18.52,PF,1578862661
478,satitoa,-25.24,130.99,82.4,24,40,6.93,AU,1578862661
479,guarapari,-13.31,35.24,64.4,93,75,3.36,MZ,1578862661
480,acarau,12.63,80.17,77.0,94,20,2.24,IN,1578862661
481,mikkeli,62.14,117.63,-3.48,93,70,6.91,RU,1578862661
482,la ronge,37.19,10.18,51.8,87,40,4.7,TN,1578862661
483,coruripe,43.12,5.8,46.99,86,1,5.82,FR,1578862661
484,alyangula,16.35,-93.53,80.6,54,90,13.87,MX,1578862662
485,yebaishou,46.42,3.91,41.0,75,90,3.36,FR,1578862662
486,healdsburg,21.28,-88.27,85.32,59,77,9.82,MX,1578862662
487,buchanan,-1.57,9.26,76.1,90,92,2.75,GA,1578862662
488,sandwick,11.03,-63.86,89.6,59,40,15.9,VE,1578862662
489,warqla,-3.94,122.5,73.81,96,100,2.06,ID,1578862662
490,sorland,-37.83,140.77,48.2,100,0,5.82,AU,1578862662
491,bay city,20.2,1.01,56.25,32,0,15.12,ML,1578862662
492,sfantu gheorghe,-11.38,43.28,80.6,74,20,6.93,KM,1578862663
493,dinguiraye,42.57,-0.55,37.0,100,100,2.15,ES,1578862663
494,fort walton beach,67.47,86.58,-6.12,100,96,3.58,RU,1578862663
495,raudeberg,-33.01,17.94,66.47,89,0,17.67,ZA,1578862663
496,blyth,63.45,120.32,-7.37,94,75,7.43,RU,1578862663
497,conde,-28.52,27.01,70.38,54,43,25.93,ZA,1578862663
498,gao,54.94,10.71,42.4,91,82,16.51,DK,1578862663
499,asilah,66.4,14.52,34.0,97,90,2.24,NO,1578862664
500,baruun-urt,34.17,77.58,13.21,90,100,4.81,IN,1578862664
501,nioro,54.34,101.5,-10.68,99,0,4.21,RU,1578862664
502,abu kamal,-19.45,29.82,65.26,92,92,5.93,ZW,1578862664
503,kushnarenkovo,-33.46,-70.65,90.0,24,0,9.17,CL,1578862387
504,port-gentil,-5.12,-60.38,82.51,92,97,1.14,BR,1578862383
505,narsaq,44.06,-121.32,41.0,86,20,6.93,US,1578862427
506,cheuskiny,55.61,64.94,5.61,94,8,6.76,RU,1578862665
507,andros town,57.88,33.7,38.39,92,100,13.94,RU,1578862665
508,muros,37.18,-113.29,48.99,36,1,3.36,US,1578862561
509,muskogee,-45.42,167.72,48.52,62,2,4.41,NZ,1578862665
510,pahrump,-25.17,45.05,75.02,80,0,13.47,MG,1578862665
511,ottawa,-26.79,-60.44,76.68,94,100,11.27,AR,1578862666
512,saint-augustin,66.32,-179.17,13.3,95,100,9.42,RU,1578862666
513,frankfort,7.09,125.16,77.0,88,75,2.24,PH,1578862666
514,mergui,-15.56,-68.02,86.72,52,9,6.78,BO,1578862666
515,socorro,-6.98,-34.83,82.4,65,75,13.87,BR,1578862666
516,delemont,4.18,19.9,72.66,29,0,1.68,CD,1578862666
517,nzega,45.75,25.02,27.0,87,0,4.34,RO,1578862666
518,zhigansk,24.69,46.72,46.4,61,0,2.24,SA,1578862664
519,samusu,-16.52,-151.75,81.27,80,100,19.53,PF,1578862667
520,pangoa,36.62,101.77,6.37,84,100,2.82,CN,1578862667
521,fare,-3.37,135.48,72.84,99,100,1.86,ID,1578862667
522,yulara,24.47,54.37,64.4,52,40,11.41,AE,1578862468
523,lichinga,58.3,-134.42,19.4,33,20,10.29,US,1578862667
524,mamallapuram,52.24,-3.38,43.0,98,58,1.01,GB,1578862668
525,suntar,19.28,-81.25,87.8,58,20,19.46,KY,1578862668
526,rafraf,57.31,88.17,6.75,95,100,6.55,RU,1578862668
527,sanary-sur-mer,5.89,95.32,81.48,70,19,4.97,ID,1578862668
528,cristobal obregon,27.62,113.85,35.2,92,0,3.85,CN,1578862668
529,saint-francois,50.92,25.27,33.39,83,97,13.76,UA,1578862669
530,panaba,20.93,-17.03,68.0,56,0,13.87,MR,1578862505
531,omboue,-23.76,-45.41,80.65,84,75,8.16,BR,1578862669
532,la asuncion,20.89,-156.47,75.2,83,90,12.75,US,1578862669
533,kendari,33.34,44.4,48.2,57,97,1.12,IQ,1578862669
534,mount gambier,2.18,22.47,74.57,64,0,2.37,CD,1578862669
535,tessalit,-19.55,169.27,82.4,78,75,5.82,VU,1578862669
536,mitsamiouli,-22.45,18.97,76.06,56,84,5.06,NA,1578862670
537,jaca,52.42,60.34,7.2,90,0,9.42,RU,1578862670
538,igarka,-4.39,-59.59,77.2,94,100,1.9,BR,1578862670
539,saldanha,-14.27,-43.16,77.59,59,0,3.78,BR,1578862670
540,verkhnevilyuysk,31.67,38.66,42.8,100,0,6.93,SA,1578862530
541,winburg,41.3,124.12,-5.8,76,7,2.24,CN,1578862670
542,rudkobing,4.87,-2.24,80.47,77,8,1.88,GH,1578862670
543,storforshei,18.98,81.4,55.56,47,0,2.08,IN,1578862670
544,leh,-16.62,-72.71,66.33,76,96,9.37,PE,1578862671
545,kuytun,57.05,-135.33,19.4,37,1,5.82,US,1578862589
546,gweru,37.35,59.61,34.48,63,0,8.1,TM,1578862671
547,santiago,-15.77,128.73,78.8,94,52,1.23,AU,1578862671
548,novo aripuana,46.92,-0.5,46.0,96,99,7.29,FR,1578862671
549,nguiu,32.83,66.0,24.37,99,73,3.22,AF,1578862671
550,dolbeau,42.03,-8.16,52.0,100,75,1.12,PT,1578862551
551,bend,22.68,-3.98,57.58,30,0,10.22,ML,1578862671
552,ikovka,48.73,7.05,45.0,86,90,6.93,FR,1578862672
553,vypolzovo,11.67,92.75,77.68,75,3,12.62,IN,1578862379
554,hurricane,29.45,55.68,32.32,62,0,1.21,IR,1578862672
555,te anau,53.39,45.06,23.0,72,100,16.89,RU,1578862672
556,beloha,16.86,-99.89,87.8,66,5,6.93,MX,1578862672
557,presidencia roque saenz pena,27.32,103.72,34.63,81,2,3.27,CN,1578862672
558,egvekinot,43.17,70.47,25.25,97,100,1.97,KZ,1578862672
559,tagbac,-16.26,-56.62,89.37,59,94,0.98,BR,1578862672
560,tipuani,32.78,-79.93,77.0,94,90,8.93,US,1578862635
561,cabedelo,63.08,21.67,35.6,80,17,8.05,FI,1578862673
562,bosobolo,20.5,-10.07,60.28,19,0,12.21,MR,1578862673
563,harseni,-43.25,-65.31,74.71,28,0,22.41,AR,1578862452
564,riyadh,61.47,-6.81,41.61,78,100,31.61,FO,1578862673
565,vaitape,-16.1,46.63,80.6,78,20,3.36,MG,1578862673
566,tulcingo,28.66,-17.92,64.4,72,75,8.05,ES,1578862673
567,xining,47.61,-122.2,45.0,100,75,8.05,US,1578862619
568,nabire,-18.06,13.84,71.17,40,69,9.19,NA,1578862674
569,abu dhabi,-17.93,19.77,69.33,88,100,3.89,NA,1578862674
570,juneau,66.8,65.81,-4.41,100,100,10.02,RU,1578862674
571,umzimvubu,-37.81,144.89,60.01,93,0,20.8,AU,1578862674
572,llandrindod wells,21.32,103.9,55.8,91,48,1.52,VN,1578862675
573,bodden town,39.45,-86.18,39.0,100,90,5.82,US,1578862675
574,teguldet,21.28,-89.67,87.8,55,75,13.87,MX,1578862675
575,sabang,48.68,24.41,24.8,100,19,10.63,UA,1578862675
576,pingxiang,14.51,-92.19,93.2,44,20,6.93,GT,1578862675
577,rozhyshche,13.98,10.27,74.59,25,95,7.56,NE,1578862675
578,nouadhibou,23.65,80.7,53.74,38,0,2.46,IN,1578862675
579,sao sebastiao,46.08,127.4,-3.23,96,100,5.37,CN,1578862676
580,kahului,22.42,-83.7,79.99,69,4,11.48,CU,1578862676
581,baghdad,-9.43,159.95,77.0,100,90,4.7,SB,1578862676
582,afmadu,-19.98,57.61,80.6,78,75,5.82,MU,1578862676
583,bumba,53.21,34.66,32.02,88,100,12.03,RU,1578862676
584,isangel,-20.74,116.85,87.87,67,99,20.24,AU,1578862676
